system,correct,total,accuracy,accuracy_pct
lyria,6,7,0.8571428571428571,85.7
suno,4,7,0.5714285714285714,57.1
udio,5,7,0.7142857142857143,71.4
